Trn# (Internal);OR_DEAL_NO;GID_ORG;TT deal number reference;Trn.Date;Date: Period value date;Counterpart;Instrument;Buy / Sell Flag (B/S);Nominal currency;Nominal amount;Price in display format;XSW Leg2 Price;Original Deal Contract Rate;Status (LIVE/MKT_OP/DEAD);AGENT;PURPOSE;Trader;CONTACT;Original Typology;Val status;NOS_ACC Credit;NOS_ACC Debit;SETL_MOD Credit;SETL_MOD Debit;
8830402;8828009;3041623;0;09/05/2016;09/05/2016;C_3456;USD/THB;B;USD;6395.71;35.05;35.1525;35.1525;LIVE;FRC;IW;VAI09054;yupa;PROFWD;CONF;;;CORP;CORP;
8830409;8828006;3041620;0;09/05/2016;09/05/2016;C_3457;USD/THB;B;USD;39419.12;35.05;35.1525;35.1525;LIVE;FRC;IW;VAI09054;yupa;PROFWD;CONF;;;CORP;CORP;
8830428;8828006;3041620;0;09/05/2016;09/05/2016;C_3457;USD/THB;B;USD;116;35.05;35.1525;35.1525;LIVE;FRC;IW;VAI09054;yupa;PROFWD;CONF;;;CORP;CORP;
8830435;8820991;3034457;0;09/05/2016;09/05/2016;C_5137;USD/THB;B;USD;58126.27;35.0934;35.193;35.193;LIVE;FRC;IW;VAI09054;yupa;PROFWD;CONF;;;CORP;CORP;
8831009;8753982;2965860;0;09/05/2016;09/05/2016;C_4033;USD/THB;B;USD;66358;34.807;34.807;34.807;LIVE;PHY;TT;CJT08153;uruchana;STRFWD;CONF;;;CORP;CORP;
8832064;8759284;2971321;0;09/05/2016;09/05/2016;C_1339;USD/THB;B;USD;1040246;34.9275;35.0075;35.0075;LIVE;FRC;IW;CJT08153;uruchana;PROFWD;CONF;;;CORP;CORP;
8830444;8820991;3034457;0;09/05/2016;09/05/2016;C_5137;USD/THB;B;USD;122993.03;35.0934;35.193;35.193;LIVE;FRC;IW;VAI09054;yupa;PROFWD;CONF;;;CORP;CORP;
8830464;8827982;3041596;0;09/05/2016;09/05/2016;C_5137;USD/THB;B;USD;198083.01;34.95;35.0525;35.0525;LIVE;FRC;IW;VAI09054;yupa;PROFWD;CONF;;;CORP;CORP;
8830960;8754005;2965884;0;09/05/2016;09/05/2016;C_4033;USD/THB;B;USD;75272;34.829;34.829;34.829;LIVE;PHY;TT;CJT08153;uruchana;STRFWD;CONF;;;CORP;CORP;
8830979;8753982;2965860;0;09/05/2016;09/05/2016;C_4033;USD/THB;B;USD;56386.4;34.807;34.807;34.807;LIVE;PHY;TT;CJT08153;uruchana;STRFWD;CONF;;;CORP;CORP;
8831001;8753982;2965860;0;09/05/2016;09/05/2016;C_4033;USD/THB;B;USD;62643.5;34.807;34.807;34.807;LIVE;PHY;TT;CJT08153;uruchana;STRFWD;CONF;;;CORP;CORP;
8832095;8765689;2977879;0;09/05/2016;09/05/2016;C_292;USD/THB;B;USD;37484.67;35.154;35.235;35.235;LIVE;FRC;IW;CJT08153;uruchana;PROFWD;CONF;;;CORP;CORP;
8831140;8613709;2821622;0;09/05/2016;09/05/2016;C_23;USD/THB;B;USD;214485;36.1395;36.17;36.17;LIVE;FRC;IW;CJT08153;yupa;PROFWD;CONF;;;CORP;CORP;
8831156;8613709;2821622;0;09/05/2016;09/05/2016;C_23;USD/THB;B;USD;163775;36.1395;36.17;36.17;LIVE;SMK;TT;CJT08153;yupa;PROFWD;CONF;;;CORP;CORP;
8831161;8613709;2821622;0;09/05/2016;09/05/2016;C_23;USD/THB;B;USD;151175;36.1395;36.17;36.17;LIVE;SMK;TT;CJT08153;yupa;PROFWD;CONF;;;CORP;CORP;
8831163;8613709;2821622;0;09/05/2016;09/05/2016;C_23;USD/THB;B;USD;111548;36.1395;36.17;36.17;LIVE;SMK;TT;CJT08153;yupa;PROFWD;CONF;;;CORP;CORP;
8831168;8613709;2821622;0;09/05/2016;09/05/2016;C_23;USD/THB;B;USD;111548;36.1395;36.17;36.17;LIVE;SMK;TT;CJT08153;yupa;PROFWD;CONF;;;CORP;CORP;
8831946;8811692;3024885;0;09/05/2016;09/05/2016;C_7650;USD/THB;B;USD;20961;35.1566;35.25;35.25;LIVE;FRC;IW;CJT08153;uruchana;PROFWD;CONF;;;CORP;CORP;
8831963;8756619;2968587;0;09/05/2016;09/05/2016;C_1339;USD/THB;B;USD;2000000;34.928;35.0075;35.0075;LIVE;FRC;IW;CJT08153;uruchana;PROFWD;CONF;;;CORP;CORP;
8831973;8756438;2968403;0;09/05/2016;09/05/2016;C_1339;USD/THB;B;USD;409084.5;34.848;34.9275;34.9275;LIVE;FRC;IW;CJT08153;uruchana;PROFWD;CONF;;;CORP;CORP;
8831989;8709881;2920725;0;09/05/2016;09/05/2016;C_1339;USD/THB;B;USD;719662;35.6201;35.69;35.69;LIVE;FRC;IW;CJT08153;uruchana;PROFWD;CONF;;;CORP;CORP;
8831429;8493177;2697382;0;09/05/2016;09/05/2016;C_6546;USD/THB;B;USD;15000;36.8254;36.975;36.975;LIVE;FRC;IW;CJT08153;uruchana;PROFWD;CONF;;;CORP;CORP;
8831437;8799126;3012015;0;09/05/2016;09/05/2016;C_6546;USD/THB;B;USD;50000;35.0773;35.21;35.21;LIVE;FRC;IW;CJT08153;uruchana;PROFWD;CONF;;;CORP;CORP;
8831460;8773418;2985738;0;09/05/2016;09/05/2016;C_6546;USD/THB;B;USD;24967;35.4182;35.57;35.57;LIVE;FRC;IW;CJT08153;uruchana;PROFWD;CONF;;;CORP;CORP;
8830125;8815314;3028619;0;09/05/2016;09/05/2016;C_164;GBP/THB;B;GBP;55734.6;51.0902;51.42;51.42;LIVE;PHY;TT;VAI09054;kitima;PROFWD;CONF;;;CORP;CORP;
8831046;8700604;2911248;0;09/05/2016;09/05/2016;C_780;USD/THB;B;USD;100000;35.549891;35.72;35.72;LIVE;FRC;IW;VAI09054;uruchana;PROFWD;CONF;;;CORP;CORP;
8831052;8390127;2590408;0;09/05/2016;09/05/2016;C_780;USD/THB;B;USD;5975;35.282951;35.34;35.34;LIVE;FRC;IW;VAI09054;uruchana;PROFWD;CONF;;;CORP;CORP;
8831069;8784744;2997305;0;09/05/2016;09/05/2016;C_1619;EUR/THB;B;EUR;6497.18;40.205;40.48;40.48;LIVE;FRC;IW;VAI09054;thanaporn;PROFWD;CONF;;;CORP;CORP;
8831080;8784744;2997305;0;09/05/2016;09/05/2016;C_1619;EUR/THB;B;EUR;21147.35;40.205;40.48;40.48;LIVE;FRC;IW;VAI09054;thanaporn;PROFWD;CONF;;;CORP;CORP;
8831083;8784744;2997305;0;09/05/2016;09/05/2016;C_1619;EUR/THB;B;EUR;17721.97;40.205;40.48;40.48;LIVE;FRC;IW;VAI09054;thanaporn;PROFWD;CONF;;;CORP;CORP;
8831089;8784744;2997305;0;09/05/2016;09/05/2016;C_1619;EUR/THB;B;EUR;36399.62;40.205;40.48;40.48;LIVE;FRC;IW;VAI09054;thanaporn;PROFWD;CONF;;;CORP;CORP;
8831095;8816032;3029381;0;09/05/2016;09/05/2016;C_1619;EUR/THB;B;EUR;13699.07;39.7178;40.03;40.03;LIVE;FRC;IW;VAI09054;thanaporn;PROFWD;CONF;;;CORP;CORP;
8831098;8816032;3029381;0;09/05/2016;09/05/2016;C_1619;EUR/THB;B;EUR;118219.99;39.7178;40.03;40.03;LIVE;FRC;IW;VAI09054;thanaporn;PROFWD;CONF;;;CORP;CORP;
8831872;8820171;3033605;0;09/05/2016;09/05/2016;C_373;USD/THB;B;USD;28397;35.04348;35.14672;35.14672;LIVE;FRC;IW;VAI09054;yupa;PROFWD;CONF;;;CORP;CORP;
8831364;8594776;2802130;0;09/05/2016;09/05/2016;C_1520;USD/THB;B;USD;50554;36.0153;36.032;36.032;LIVE;PHY;TT;VAI09054;uruchana;PROFWD;CONF;;;CORP;CORP;
8831802;8596439;2803831;0;09/05/2016;09/05/2016;C_1338;USD/THB;B;USD;72136;35.9895;36.015;36.015;LIVE;FRC;IW;VAI09054;uruchana;PROFWD;CONF;;;CORP;CORP;
8831812;8597101;2804516;0;09/05/2016;09/05/2016;C_1338;USD/THB;B;USD;105832;36.0095;36.035;36.035;LIVE;FRC;IW;VAI09054;uruchana;PROFWD;CONF;;;CORP;CORP;
8831819;8712295;2923167;0;09/05/2016;09/05/2016;C_27;USD/THB;B;USD;155730;35.7515;35.825;35.825;LIVE;FRC;IW;VAI09054;uruchana;PROFWD;CONF;;;CORP;CORP;
8831883;8820171;3033605;0;09/05/2016;09/05/2016;C_373;USD/THB;B;USD;7581.16;35.04348;35.14672;35.14672;LIVE;SIL;TT;VAI09054;yupa;PROFWD;CONF;;;CORP;CORP;
8831893;8820171;3033605;0;09/05/2016;09/05/2016;C_373;USD/THB;B;USD;579.04;35.04348;35.14672;35.14672;LIVE;SIL;TT;VAI09054;yupa;PROFWD;CONF;;;CORP;CORP;
8831924;8826396;3039983;0;09/05/2016;09/05/2016;C_373;USD/THB;B;USD;11648.02;34.86;34.95568;34.95568;LIVE;SIL;TT;VAI09054;yupa;PROFWD;CONF;;;CORP;CORP;
8830277;8352849;2551737;0;09/05/2016;09/05/2016;C_7572;USD/THB;B;USD;21455;34.1113;34.155;34.155;LIVE;FRC;IW;CJT08153;yupa;PROFWD;CONF;;;CORP;CORP;
8830390;8829474;3043126;0;09/05/2016;09/05/2016;C_764;USD/THB;B;USD;300000;35.15;35.24;35.24;LIVE;FRC;IW;CJT08153;thanaporn;PROFWD;CONF;;;CORP;CORP;
8832376;8753982;2965860;0;09/05/2016;09/05/2016;C_4033;USD/THB;B;USD;95498.78;34.807;34.807;34.807;LIVE;FRC;IW;CJT08153;uruchana;STRFWD;CONF;;;CORP;CORP;
8831951;8597101;2804516;0;09/05/2016;09/05/2016;C_1338;USD/THB;B;USD;165955;36.0095;36.035;36.035;LIVE;HYT;TT;VAI09054;uruchana;PROFWD;CONF;;;CORP;CORP;
8830755;8771600;2983894;0;09/05/2016;09/05/2016;C_4076;SGD/THB;B;SGD;30322.62;25.8109;25.825;25.825;LIVE;FRC;IW;VAI09054;kitima;PROFWD;CONF;;;CORP;CORP;
8831807;8700653;2911303;0;09/05/2016;09/05/2016;C_1339;USD/THB;B;USD;20000.3;35.5281;35.5975;35.5975;LIVE;FRC;IW;CJT08153;uruchana;PROFWD;CONF;;;CORP;CORP;
8831817;8700644;2911294;0;09/05/2016;09/05/2016;C_1339;USD/THB;B;USD;219030.22;35.5881;35.6575;35.6575;LIVE;FRC;IW;CJT08153;uruchana;PROFWD;CONF;;;CORP;CORP;
8831824;8750273;2962036;0;09/05/2016;09/05/2016;C_1339;USD/THB;B;USD;148309.63;35.1213;35.2;35.2;LIVE;FRC;IW;CJT08153;uruchana;PROFWD;CONF;;;CORP;CORP;
8831832;8735881;2947252;0;09/05/2016;09/05/2016;C_1339;USD/THB;B;USD;94448.35;35.489;35.5675;35.5675;LIVE;FRC;IW;CJT08153;uruchana;PROFWD;CONF;;;CORP;CORP;
8831854;8735900;2947271;0;09/05/2016;09/05/2016;C_1339;USD/THB;B;USD;237111.23;35.489;35.5675;35.5675;LIVE;HYT;SB;CJT08153;uruchana;PROFWD;CONF;;;CORP;CORP;
8832017;8709881;2920725;0;09/05/2016;09/05/2016;C_1339;USD/THB;B;USD;258048;35.6201;35.69;35.69;LIVE;FRC;IW;VAI09054;uruchana;PROFWD;CONF;;;CORP;CORP;
8832031;8652338;2861372;0;09/05/2016;09/05/2016;C_11447;USD/THB;B;USD;44850.1;36.34659;36.39627;36.39627;LIVE;FRC;IW;VAI09054;yupa;PROFWD;CONF;;;CORP;CORP;
8832039;8669520;2879130;0;09/05/2016;09/05/2016;C_11447;USD/THB;B;USD;201320.57;36.04901;36.10194;36.10194;LIVE;FRC;IW;VAI09054;yupa;PROFWD;CONF;;;CORP;CORP;
8831473;8700721;2911371;0;09/05/2016;09/05/2016;C_941;USD/THB;B;USD;11581.85;35.5644;35.75;35.75;LIVE;PHY;TT;VAI09054;thanaporn;PROFWD;CONF;;;CORP;CORP;
8831486;8700721;2911371;0;09/05/2016;09/05/2016;C_941;USD/THB;B;USD;19633.91;35.5644;35.75;35.75;LIVE;PHY;TT;VAI09054;thanaporn;PROFWD;CONF;;;CORP;CORP;
8831490;8700721;2911371;0;09/05/2016;09/05/2016;C_941;USD/THB;B;USD;13564.69;35.5644;35.75;35.75;LIVE;PHY;TT;VAI09054;thanaporn;PROFWD;CONF;;;CORP;CORP;
8832051;8686606;2896778;0;09/05/2016;09/05/2016;C_11447;USD/THB;B;USD;251493.25;35.87298;35.93194;35.93194;LIVE;FRC;IW;VAI09054;yupa;PROFWD;CONF;;;CORP;CORP;
8832053;8701174;2911837;0;09/05/2016;09/05/2016;C_11447;USD/THB;B;USD;701.3;35.56976;35.64104;35.64104;LIVE;FRC;IW;VAI09054;yupa;PROFWD;CONF;;;CORP;CORP;
8832058;8817984;3031383;0;09/05/2016;09/05/2016;C_5800;USD/THB;B;USD;150000;35.1586;35.162;35.162;LIVE;FRC;IW;VAI09054;waruedee;PROFWD;CONF;;;CORP;CORP;
8832060;8820561;3034014;0;09/05/2016;09/05/2016;C_5800;USD/THB;B;USD;100000;35.0245;35.0305;35.0305;LIVE;FRC;IW;VAI09054;waruedee;PROFWD;CONF;;;CORP;CORP;
8831497;8634894;2843316;0;09/05/2016;09/05/2016;C_2252;USD/THB;B;USD;33095;36.2488;36.2625;36.2625;LIVE;PHY;TT;VAI09054;uruchana;PROFWD;CONF;;;CORP;CORP;
8831533;8823165;3036669;0;09/05/2016;09/05/2016;C_1519;USD/THB;B;USD;22863.52;34.9563;34.97;34.97;LIVE;PHY;TT;VAI09054;uruchana;PROFWD;CONF;;;CORP;CORP;
8832062;8812841;3026059;0;09/05/2016;09/05/2016;C_4033;USD/THB;B;USD;69171.5;35.1;35.1;35.1;LIVE;FRC;IW;VAI09054;uruchana;STRFWD;CONF;;;CORP;CORP;
8832068;8820576;3034031;0;09/05/2016;09/05/2016;C_5800;USD/THB;B;USD;237636.2;35.0245;35.0305;35.0305;LIVE;FRC;IW;VAI09054;wanruedee;PROFWD;CONF;;;CORP;CORP;
8831553;8677913;2887780;0;09/05/2016;09/05/2016;C_1519;USD/THB;B;USD;24662.99;35.8731;35.889;35.889;LIVE;PHY;TT;VAI09054;uruchana;PROFWD;CONF;;;CORP;CORP;
8831579;8812810;3026027;0;09/05/2016;09/05/2016;C_1519;USD/THB;B;USD;32565.45;35.1495;35.167;35.167;LIVE;PHY;TT;VAI09054;uruchana;PROFWD;CONF;;;CORP;CORP;
8831595;8737032;2948416;0;09/05/2016;09/05/2016;C_3326;EUR/THB;B;EUR;1021.02;39.1494;39.4;39.4;LIVE;FRC;IW;VAI09054;yupa;PROFWD;CONF;;;CORP;CORP;
8831614;8741685;2953185;0;09/05/2016;09/05/2016;C_3326;EUR/THB;B;EUR;2320.5;38.7796;39.03;39.03;LIVE;FRC;IW;VAI09054;yupa;PROFWD;CONF;;;CORP;CORP;
8831640;8744221;2955800;0;09/05/2016;09/05/2016;C_3326;EUR/THB;B;EUR;1130.48;39.4746;39.72;39.72;LIVE;FRC;IW;VAI09054;yupa;PROFWD;CONF;;;CORP;CORP;
8831680;8717086;2928062;0;09/05/2016;09/05/2016;C_7688;EUR/THB;B;EUR;17602.5;39.3684;39.52;39.52;LIVE;RYG;TT;VAI09054;thanaporn;PROFWD;CONF;;;CORP;CORP;
8831885;8735900;2947271;0;09/05/2016;09/05/2016;C_1339;USD/THB;B;USD;237111.23;35.489;35.5675;35.5675;LIVE;PHY;SB;CJT08153;uruchana;PROFWD;CONF;;;CORP;CORP;
8831895;8735900;2947271;0;09/05/2016;09/05/2016;C_1339;USD/THB;B;USD;237111.23;35.489;35.5675;35.5675;LIVE;HYT;SB;CJT08153;uruchana;PROFWD;CONF;;;CORP;CORP;
8831900;8735900;2947271;0;09/05/2016;09/05/2016;C_1339;USD/THB;B;USD;237111.23;35.489;35.5675;35.5675;LIVE;HYT;SB;CJT08153;uruchana;PROFWD;CONF;;;CORP;CORP;
8831908;8735900;2947271;0;09/05/2016;09/05/2016;C_1339;USD/THB;B;USD;237111.25;35.489;35.5675;35.5675;LIVE;HYT;SB;CJT08153;uruchana;PROFWD;CONF;;;CORP;CORP;
8831926;8811692;3024885;0;09/05/2016;09/05/2016;C_7650;USD/THB;B;USD;48359;35.1566;35.25;35.25;LIVE;FRC;IW;CJT08153;uruchana;PROFWD;CONF;;;CORP;CORP;
8832128;8724007;2935122;0;09/05/2016;09/05/2016;C_374;GBP/THB;B;GBP;24616.71;49.6816;49.8208;49.8208;LIVE;FRC;IW;VAI09054;yupa;PROFWD;CONF;;;CORP;CORP;
8832339;8767257;2979473;0;09/05/2016;09/05/2016;C_374;USD/THB;B;USD;98165;35.31562;35.40224;35.40224;LIVE;SIL;TT;VAI09054;yupa;PROFWD;CONF;;;CORP;CORP;
8832386;8584933;2792033;0;09/05/2016;09/05/2016;C_1483;USD/THB;B;USD;323782.67;36.0151;36.0325;36.0325;LIVE;FRC;IW;VAI09054;yupa;PROFWD;CONF;;;CORP;CORP;
8832414;8708210;2919021;0;09/05/2016;09/05/2016;C_1676;USD/THB;B;USD;214056.2;35.6516;35.7175;35.7175;LIVE;PKT;TT;VAI09054;uruchana;PROFWD;CONF;;;CORP;CORP;
8832422;8635523;2843974;0;09/05/2016;09/05/2016;C_1676;USD/THB;B;USD;214056.2;36.2215;36.255;36.255;LIVE;PKT;TT;VAI09054;uruchana;PROFWD;CONF;;;CORP;CORP;
8832424;8708210;2919021;0;09/05/2016;09/05/2016;C_1676;USD/THB;B;USD;178057.04;35.6516;35.7175;35.7175;LIVE;PKT;TT;VAI09054;uruchana;PROFWD;CONF;;;CORP;CORP;
8832428;8635523;2843974;0;09/05/2016;09/05/2016;C_1676;USD/THB;B;USD;37816.56;36.2215;36.255;36.255;LIVE;PKT;TT;VAI09054;uruchana;PROFWD;CONF;;;CORP;CORP;
8832453;8798119;3010998;0;09/05/2016;09/05/2016;C_1356;USD/THB;B;USD;59700;35.1134;35.161;35.161;LIVE;FRC;IW;VAI09054;kitima;PROFWD;CONF;;;CORP;CORP;
8832287;8823942;3037472;0;09/05/2016;09/05/2016;C_764;EUR/THB;B;EUR;400124.58;40;40.32;40.32;LIVE;FRC;IW;VAI09054;THANAPORN;PROFWD;CONF;;;CORP;CORP;
8832712;8714603;2925524;0;09/05/2016;09/05/2016;C_374;GBP/THB;B;GBP;32383.29;50.52362;50.64566;50.64566;LIVE;FRC;IW;VAI09054;yupa;PROFWD;CONF;;;CORP;CORP;
8831075;8826671;3040265;0;09/05/2016;09/05/2016;C_15122;USD/THB;B;USD;28000;34.9;34.96;34.96;LIVE;FRC;IW;CJT08153;theerith;PROFWD;CONF;;;CORP;CORP;
8830472;8777070;2989471;0;09/05/2016;09/05/2016;C_576;USD/THB;B;USD;10542.26;35.2291;35.31;35.31;LIVE;FRC;IW;VAI09054;yupa;PROFWD;CONF;;;CORP;CORP;
8830947;8762139;2974222;0;09/05/2016;09/05/2016;C_5571;USD/THB;B;USD;1374.56;34.9778;35.0625;35.0625;LIVE;KSM;TT;CJT08153;niparat;PROFWD;CONF;;;CORP;CORP;
8830949;8763826;2975965;0;09/05/2016;09/05/2016;C_5571;USD/THB;B;USD;9073.44;35.028;35.115;35.115;LIVE;KSM;TT;CJT08153;niparat;PROFWD;CONF;;;CORP;CORP;
8830956;8819733;3033160;0;09/05/2016;09/05/2016;C_11135;USD/THB;B;USD;29824.35;35.273;35.32;35.32;LIVE;FRC;IW;CJT08153;thanvarat;PROFWD;CONF;;;CORP;CORP;
8830966;8829545;3043200;0;09/05/2016;09/05/2016;C_6108;USD/THB;B;USD;258300;35.15;35.24;35.24;LIVE;CHM;PC;CJT08153;yupa;PROFWD;CONF;;;CORP;CORP;
8830970;8763826;2975965;0;09/05/2016;09/05/2016;C_5571;USD/THB;B;USD;30058.63;35.028;35.115;35.115;LIVE;KSM;TT;CJT08153;niparat;PROFWD;CONF;;;CORP;CORP;
8831133;8826671;3040265;0;09/05/2016;09/05/2016;C_15122;USD/THB;B;USD;17334.05;34.9;34.96;34.96;LIVE;FRC;IW;CJT08153;theerith;PROFWD;CONF;;;CORP;CORP;
8831609;8624382;2832598;0;09/05/2016;09/05/2016;C_5732;USD/THB;B;USD;88078.31;36.1727;36.2;36.2;LIVE;SIL;TT;SKN40507;wi;PROFWD;CONF;;;CORP;CORP;
8831569;8804461;3017511;0;09/05/2016;09/05/2016;C_6859;USD/THB;B;USD;5000;34.9182;35;35;LIVE;SIL;TT;CJT08153;somruedee;PROFWD;CONF;;;CORP;CORP;
8831598;8814335;3027598;0;09/05/2016;09/05/2016;C_6859;USD/THB;B;USD;5000;35.1648;35.24;35.24;LIVE;SIL;TT;CJT08153;somruedee;PROFWD;CONF;;;CORP;CORP;
8830111;8764550;2976715;0;09/05/2016;09/05/2016;C_12156;USD/THB;B;USD;95355;35.0146;35.06;35.06;LIVE;FRC;IW;VAI09054;saaksorn;PROFWD;CONF;;;CORP;CORP;
8830113;8756420;2968385;0;09/05/2016;09/05/2016;C_12156;USD/THB;B;USD;12999;34.7557;34.8;34.8;LIVE;FRC;IW;VAI09054;saaksorn;PROFWD;CONF;;;CORP;CORP;
8830118;8756420;2968385;0;09/05/2016;09/05/2016;C_12156;USD/THB;B;USD;59924;34.7557;34.8;34.8;LIVE;FRC;IW;VAI09054;saaksorn;PROFWD;CONF;;;CORP;CORP;
8831060;8814964;3028245;0;09/05/2016;09/05/2016;C_11138;USD/THB;B;USD;13248.99;35.1854;35.27;35.27;LIVE;FRC;IW;VAI09054;yupa;PROFWD;CONF;;;CORP;CORP;
8831195;8814964;3028245;0;09/05/2016;09/05/2016;C_11138;USD/THB;B;USD;530000;35.1854;35.27;35.27;LIVE;CHM;PC;VAI09054;yupa;PROFWD;CONF;;;CORP;CORP;
8830288;8829545;3043200;0;09/05/2016;09/05/2016;C_6108;USD/THB;B;USD;197028.09;35.15;35.24;35.24;LIVE;FRC;IW;VAI09054;yupa;PROFWD;CONF;;;CORP;CORP;
8832430;8774551;2986898;0;09/05/2016;09/05/2016;C_5265;USD/THB;B;USD;31296.35;35.3044;35.36;35.36;LIVE;HYT;TR;CJT08153;thanvarat;PROFWD;CONF;;;CORP;CORP;
8830771;8756420;2968385;0;09/05/2016;09/05/2016;C_12156;USD/THB;B;USD;61630;34.7557;34.8;34.8;LIVE;FRC;IW;VAI09054;saaksorn;PROFWD;CONF;;;CORP;CORP;
8830763;8756420;2968385;0;09/05/2016;09/05/2016;C_12156;USD/THB;B;USD;16909.79;34.7557;34.8;34.8;LIVE;FRC;IW;VAI09054;saaksorn;PROFWD;CONF;;;CORP;CORP;
8830768;8756420;2968385;0;09/05/2016;09/05/2016;C_12156;USD/THB;B;USD;9989;34.7557;34.8;34.8;LIVE;FRC;IW;VAI09054;saaksorn;PROFWD;CONF;;;CORP;CORP;
8832626;8774551;2986898;0;09/05/2016;09/05/2016;C_5265;USD/THB;B;USD;26091.82;35.3044;35.36;35.36;LIVE;HYT;TR;CJT08153;thnanvarat;PROFWD;CONF;;;CORP;CORP;
8831050;8747468;2959160;0;09/05/2016;09/05/2016;C_5473;USD/THB;B;USD;16784.6;35.0176;35.06;35.06;LIVE;SMP;TT;CJT08153;anintita;PROFWD;CONF;;;CORP;CORP;
8830983;8784906;2997471;0;09/05/2016;09/05/2016;C_3483;USD/THB;B;USD;1676;35.345;35.42;35.42;LIVE;PHY;TT;CJT08153;wanna;PROFWD;CONF;;;CORP;CORP;
8830987;8811237;3024423;0;09/05/2016;09/05/2016;C_3483;USD/THB;B;USD;16680.62;35.1259;35.21;35.21;LIVE;PHY;TT;CJT08153;wanna;PROFWD;CONF;;;CORP;CORP;
8830989;8756410;2968374;0;09/05/2016;09/05/2016;C_3354;USD/THB;B;USD;100000;34.8487;34.93;34.93;LIVE;FRC;IW;CJT08153;pattarin;PROFWD;CONF;;;CORP;CORP;
8830996;8744817;2956414;0;09/05/2016;09/05/2016;C_3354;USD/THB;B;USD;330000;35.1101;35.1925;35.1925;LIVE;FRC;IW;CJT08153;pattarin;PROFWD;CONF;;;CORP;CORP;
8830026;8825774;3039338;0;09/05/2016;09/05/2016;C_1623;USD/THB;B;USD;83850.11;34.81;34.81;34.81;LIVE;FRC;IW;PBA10716;NAN;ADJFWD;CONF;;;CORP;CORP;
8831173;8687096;2897295;0;09/05/2016;09/05/2016;C_270;USD/THB;B;USD;24795;35.9116;35.94;35.94;LIVE;ASK;TT;CJT08153;oraphin;PROFWD;CONF;;;CORP;CORP;
8831107;8687096;2897295;0;09/05/2016;09/05/2016;C_270;USD/THB;B;USD;93590;35.9116;35.94;35.94;LIVE;FRC;IW;VAI09054;oraphin;PROFWD;CONF;;;CORP;CORP;
8829946;8665986;2875417;0;09/05/2016;09/05/2016;C_3299;USD/THB;B;USD;161667.68;36.1512;36.2;36.2;LIVE;FRC;IW;VAI09054;rattana;PROFWD;CONF;;;CORP;CORP;
8829965;8665986;2875417;0;09/05/2016;09/05/2016;C_3299;USD/THB;B;USD;95995.06;36.1512;36.2;36.2;LIVE;FRC;IW;VAI09054;rattana;PROFWD;CONF;;;CORP;CORP;
8829988;8622915;2831109;0;09/05/2016;09/05/2016;C_3299;USD/THB;B;USD;77272.8;36.0943;36.125;36.125;LIVE;FRC;IW;VAI09054;rattana;PROFWD;CONF;;;CORP;CORP;
8830088;8765241;2977425;0;09/05/2016;09/05/2016;C_3201;USD/THB;B;USD;285921.69;35.1255;35.205;35.205;LIVE;FRC;IW;VAI09054;pattarin;PROFWD;CONF;;;CORP;CORP;
8830099;8762032;2974112;0;09/05/2016;09/05/2016;C_3201;USD/THB;B;USD;6309.22;34.9122;34.995;34.995;LIVE;FRC;IW;VAI09054;pattarin;PROFWD;CONF;;;CORP;CORP;
8831275;8773511;2985831;0;09/05/2016;09/05/2016;C_3391;USD/THB;B;USD;550.16;35.417;35.48;35.48;LIVE;FRC;IW;VAI09054;wanna;PROFWD;CONF;;;CORP;CORP;
8831283;8773511;2985831;0;09/05/2016;09/05/2016;C_3391;USD/THB;B;USD;494.6;35.417;35.48;35.48;LIVE;FRC;IW;VAI09054;wanna;PROFWD;CONF;;;CORP;CORP;
8830155;8784909;2997474;0;09/05/2016;09/05/2016;C_2961;USD/THB;B;USD;10000;35.3233;35.39;35.39;LIVE;FRC;IW;CJT08153;rattana;PROFWD;CONF;;;CORP;CORP;
8830197;8784174;2996733;0;09/05/2016;09/05/2016;C_1402;USD/THB;B;USD;140682.3;35.31;35.36;35.36;LIVE;SMP;TT;CJT08153;rattana;PROFWD;CONF;;;CORP;CORP;
8831325;8773511;2985831;0;09/05/2016;09/05/2016;C_3391;USD/THB;B;USD;30479.25;35.417;35.48;35.48;LIVE;FRC;IW;VAI09054;wanna;PROFWD;CONF;;;CORP;CORP;
8831340;8773511;2985831;0;09/05/2016;09/05/2016;C_3391;USD/THB;B;USD;3934.2;35.417;35.48;35.48;LIVE;FRC;IW;VAI09054;wanna;PROFWD;CONF;;;CORP;CORP;
8832391;8686155;2896321;0;09/05/2016;09/05/2016;C_5055;USD/THB;B;USD;14954.15;35.8768;35.93;35.93;LIVE;FRC;IW;CJT08153;oraphin;PROFWD;CONF;;;CORP;CORP;
8832404;8686155;2896321;0;09/05/2016;09/05/2016;C_5055;USD/THB;B;USD;4409.76;35.8768;35.93;35.93;LIVE;FRC;IW;CJT08153;oraphin;PROFWD;CONF;;;CORP;CORP;
8830299;8784909;2997474;0;09/05/2016;09/05/2016;C_2961;USD/THB;B;USD;13765;35.3233;35.39;35.39;LIVE;FRC;IW;CJT08153;rattana;PROFWD;CONF;;;CORP;CORP;
8830426;8812950;3026169;0;09/05/2016;09/05/2016;C_490;USD/THB;B;USD;55368;35.0352;35.11;35.11;LIVE;FRC;IW;CJT08153;rattana;PROFWD;CONF;;;CORP;CORP;
8832482;8829406;3043057;0;09/05/2016;09/05/2016;C_3291;USD/THB;B;USD;143909.55;35.15;35.23;35.23;LIVE;FRC;IW;CJT08153;wanna;PROFWD;CONF;;;CORP;CORP;
8832516;8754024;2965905;0;09/05/2016;09/05/2016;C_1690;USD/THB;B;USD;21988;34.8313;34.91;34.91;LIVE;FRC;IW;CJT08153;rattana;PROFWD;CONF;;;CORP;CORP;
8830846;8812950;3026169;0;09/05/2016;09/05/2016;C_490;USD/THB;B;USD;16155.85;35.0352;35.11;35.11;LIVE;FRC;IW;VAI09054;rattana;PROFWD;CONF;;;CORP;CORP;
8830863;8814098;3027360;0;09/05/2016;09/05/2016;C_490;USD/THB;B;USD;3333.15;35.1259;35.21;35.21;LIVE;FRC;IW;VAI09054;rattana;PROFWD;CONF;;;CORP;CORP;
8831984;8566671;2773241;0;09/05/2016;09/05/2016;C_341;USD/THB;B;USD;10862.25;36.1302;36.14;36.14;LIVE;FRC;IW;VAI09054;wanna;PROFWD;CONF;;;CORP;CORP;
8832353;8684655;2894771;0;09/05/2016;09/05/2016;C_5055;USD/THB;B;USD;47825;35.7274;35.78;35.78;LIVE;FRC;IW;VAI09054;oraphin;PROFWD;CONF;;;CORP;CORP;
8832371;8684655;2894771;0;09/05/2016;09/05/2016;C_5055;USD/THB;B;USD;121764.79;35.7274;35.78;35.78;LIVE;FRC;IW;VAI09054;oraphin;PROFWD;CONF;;;CORP;CORP;
8832447;8765628;2977817;0;09/05/2016;09/05/2016;C_4698;USD/THB;B;USD;65370.95;35.2428;35.32;35.32;LIVE;FRC;IW;VAI09054;pattarin;PROFWD;CONF;;;CORP;CORP;
8832474;8827872;3041486;0;09/05/2016;09/05/2016;C_3291;USD/THB;B;USD;500000;35.08;35.16;35.16;LIVE;FRC;IW;VAI09054;wanna;PROFWD;CONF;;;CORP;CORP;
8832720;8746803;2958470;0;09/05/2016;09/05/2016;C_3925;USD/THB;B;USD;2318.68;35.0293;35.1;35.1;LIVE;FRC;IW;VAI09054;rattana;PROFWD;CONF;;;CORP;CORP;
8832722;8746803;2958470;0;09/05/2016;09/05/2016;C_3925;USD/THB;B;USD;2030.68;35.0293;35.1;35.1;LIVE;FRC;IW;VAI09054;rattana;PROFWD;CONF;;;CORP;CORP;
8832724;8746803;2958470;0;09/05/2016;09/05/2016;C_3925;USD/THB;B;USD;11055.93;35.0293;35.1;35.1;LIVE;FRC;IW;VAI09054;rattana;PROFWD;CONF;;;CORP;CORP;
8832730;8686155;2896321;0;09/05/2016;09/05/2016;C_5055;USD/THB;B;USD;25764.5;35.8768;35.93;35.93;LIVE;FRC;IW;VAI09054;oraphin;PROFWD;CONF;;;CORP;CORP;
8832732;8686155;2896321;0;09/05/2016;09/05/2016;C_5055;USD/THB;B;USD;29057;35.8768;35.93;35.93;LIVE;FRC;IW;VAI09054;oraphin;PROFWD;CONF;;;CORP;CORP;
8832514;8784894;2997458;0;09/05/2016;09/05/2016;C_3214;USD/THB;B;USD;36337.52;35.325;35.4;35.4;LIVE;FRC;IW;VAI09054;chutima;PROFWD;CONF;;;CORP;CORP;
8832544;8806832;3019934;0;09/05/2016;09/05/2016;C_3214;USD/THB;B;USD;15350.18;35.0569;35.14;35.14;LIVE;FRC;IW;VAI09054;chutima;PROFWD;CONF;;;CORP;CORP;
8832560;8806832;3019934;0;09/05/2016;09/05/2016;C_3214;USD/THB;B;USD;91325;35.0569;35.14;35.14;LIVE;HYT;TT;VAI09054;chutima;PROFWD;CONF;;;CORP;CORP;
8832594;8754024;2965905;0;09/05/2016;09/05/2016;C_1690;USD/THB;B;USD;10555;34.8313;34.91;34.91;LIVE;FRC;IW;VAI09054;rattana;PROFWD;CONF;;;CORP;CORP;
8832613;8754024;2965905;0;09/05/2016;09/05/2016;C_1690;USD/THB;B;USD;34822;34.8313;34.91;34.91;LIVE;FRC;IW;VAI09054;rattana;PROFWD;CONF;;;CORP;CORP;
8832628;8761976;2974056;0;09/05/2016;09/05/2016;C_1690;USD/THB;B;USD;53953;34.8361;34.91;34.91;LIVE;FRC;IW;VAI09054;rattana;PROFWD;CONF;;;CORP;CORP;
8832647;8761976;2974056;0;09/05/2016;09/05/2016;C_1690;USD/THB;B;USD;194935;34.8361;34.91;34.91;LIVE;FRC;IW;VAI09054;rattana;PROFWD;CONF;;;CORP;CORP;
8832663;8761976;2974056;0;09/05/2016;09/05/2016;C_1690;USD/THB;B;USD;13589;34.8361;34.91;34.91;LIVE;FRC;IW;VAI09054;rattana;PROFWD;CONF;;;CORP;CORP;
8832705;8632354;2840702;0;09/05/2016;09/05/2016;C_1098;USD/THB;B;USD;1007232.34;36.105549;36.14;36.14;LIVE;FRC;IW;VAI09054;oraphin;PROFWD;CONF;;;CORP;CORP;
8832238;8684655;2894771;0;09/05/2016;09/05/2016;C_5055;USD/THB;B;USD;29064;35.7274;35.78;35.78;LIVE;FRC;IW;CJT08153;oraphin;PROFWD;CONF;;;CORP;CORP;
8832252;8686578;2896750;0;09/05/2016;09/05/2016;C_5055;USD/THB;B;USD;24418.29;35.8868;35.94;35.94;LIVE;FRC;IW;CJT08153;oraphin;PROFWD;CONF;;;CORP;CORP;
8832257;8773511;2985831;0;09/05/2016;09/05/2016;C_3391;USD/THB;B;USD;1198.25;35.417;35.48;35.48;LIVE;FRC;IW;CJT08153;wanna;PROFWD;CONF;;;CORP;CORP;
8832265;8684655;2894771;0;09/05/2016;09/05/2016;C_5055;USD/THB;B;USD;1346.21;35.7274;35.78;35.78;LIVE;FRC;IW;CJT08153;oraphin;PROFWD;CONF;;;CORP;CORP;
8831746;8665157;2874560;0;09/05/2016;09/05/2016;C_3522;USD/THB;S;USD;72582.74;36.23;36.29;36.29;LIVE;FRC;OW;CJT08153;uruchana;PROFWD;CONF;;;CORP;CORP;
8831683;8666313;2875748;0;09/05/2016;09/05/2016;C_3522;USD/THB;S;USD;136395.46;36.18;36.24;36.24;LIVE;FRC;OW;CJT08153;uruchana;PROFWD;CONF;;;CORP;CORP;
8830639;8793683;3006419;0;09/05/2016;09/05/2016;C_4982;USD/THB;S;USD;166000;35.107;35.157;35.157;LIVE;SIL;LC;NJK30319;nok;ADJFWD;CONF;;;CORP;CORP;
8830663;8684511;2894623;0;09/05/2016;09/05/2016;C_377;JPY/THB;S;JPY;178206000;0.29718;0.29828;0.29828;LIVE;SIL;LC;NJK30319;nok;ADJFWD;CONF;;;CORP;CORP;
8830670;8718212;2929208;0;09/05/2016;09/05/2016;C_14024;EUR/THB;S;EUR;55640;39.527;39.745;39.745;LIVE;SIL;LC;NJK30319;nok;ADJFWD;CONF;;;CORP;CORP;
8831124;8660108;2869363;0;09/05/2016;09/05/2016;C_5942;USD/THB;S;USD;162310;36.3904;36.4495;36.4495;LIVE;SIL;TR;VAI09054;thanaporn;PROFWD;CONF;;;CORP;CORP;
8831126;8790242;3002909;0;09/05/2016;09/05/2016;C_750;USD/THB;S;USD;68487.52;35.187;35.285;35.285;LIVE;SIL;TR;VAI09054;thanaporn;PROFWD;CONF;;;CORP;CORP;
8831131;8795460;3008259;0;09/05/2016;09/05/2016;C_750;USD/THB;S;USD;25605;35.0526;35.155;35.155;LIVE;SIL;TR;VAI09054;thanaporn;PROFWD;CONF;;;CORP;CORP;
8831135;8793407;3006140;0;09/05/2016;09/05/2016;C_23;USD/THB;S;USD;209.13;35.1632;35.265;35.265;LIVE;FRC;OW;VAI09054;yupa;PROFWD;CONF;;;CORP;CORP;
8831148;8793407;3006140;0;09/05/2016;09/05/2016;C_23;USD/THB;S;USD;4170.43;35.1632;35.265;35.265;LIVE;FRC;OW;VAI09054;yupa;PROFWD;CONF;;;CORP;CORP;
8830255;8721333;2932400;0;09/05/2016;09/05/2016;C_102;USD/THB;S;USD;38451.28;35.7312;35.8225;35.8225;LIVE;PHY;TR;VAI09054;kitima;PROFWD;CONF;;;CORP;CORP;
8830263;8514542;2719433;0;09/05/2016;09/05/2016;C_2932;USD/THB;S;USD;297478;35.6219;35.8;35.8;LIVE;FRC;OW;VAI09054;thanaporn;PROFWD;CONF;;;CORP;CORP;
8831794;8666313;2875748;0;09/05/2016;09/05/2016;C_3522;USD/THB;S;USD;12000;36.18;36.24;36.24;LIVE;FRC;OW;VAI09054;uruchana;PROFWD;CONF;;;CORP;CORP;
8832416;8744498;2956093;0;09/05/2016;09/05/2016;C_167;USD/THB;S;USD;39780;35.1918;35.29;35.29;LIVE;PHY;TR;CJT08153;kitima;PROFWD;CONF;;;CORP;CORP;
8832434;8566829;2773405;0;09/05/2016;09/05/2016;C_112;USD/THB;S;USD;2500;36.2218;36.235;36.235;LIVE;FRC;OW;CJT08153;kitima;PROFWD;CONF;;;CORP;CORP;
8832445;8666321;2875756;0;09/05/2016;09/05/2016;C_112;USD/THB;S;USD;30000;36.2114;36.2725;36.2725;LIVE;FRC;OW;CJT08153;kitima;PROFWD;CONF;;;CORP;CORP;
8832449;8751318;2963098;0;09/05/2016;09/05/2016;C_112;USD/THB;S;USD;34792;35.1401;35.2425;35.2425;LIVE;FRC;OW;CJT08153;kitima;PROFWD;CONF;;;CORP;CORP;
8830315;8803022;3016023;0;09/05/2016;09/05/2016;C_676;USD/THB;S;USD;113730.56;34.9528;35.07;35.07;LIVE;SIL;LC;CJT08153;thanaporn;PROFWD;CONF;;;CORP;CORP;
8832459;8566829;2773405;0;09/05/2016;09/05/2016;C_112;USD/THB;S;USD;9960.66;36.2218;36.235;36.235;LIVE;FRC;OW;CJT08153;kitima;PROFWD;CONF;;;CORP;CORP;
8832469;8569106;2775749;0;09/05/2016;09/05/2016;C_112;USD/THB;S;USD;5000;36.1818;36.195;36.195;LIVE;FRC;OW;CJT08153;kitima;PROFWD;CONF;;;CORP;CORP;
8832476;8824390;3037931;0;09/05/2016;09/05/2016;C_112;USD/THB;S;USD;47642.64;34.9034;35.025;35.025;LIVE;FRC;OW;CJT08153;kitima;PROFWD;CONF;;;CORP;CORP;
8830808;8696122;2906574;0;09/05/2016;09/05/2016;C_12461;USD/THB;S;USD;92965.66;35.4918;35.495;35.495;LIVE;PHY;BC;VAI09054;kitima;PROFWD;CONF;;;CORP;CORP;
8830816;8696122;2906574;0;09/05/2016;09/05/2016;C_12461;USD/THB;S;USD;69409.43;35.4918;35.495;35.495;LIVE;PHY;BC;VAI09054;kitima;PROFWD;CONF;;;CORP;CORP;
8830823;8696122;2906574;0;09/05/2016;09/05/2016;C_12461;USD/THB;S;USD;199035.59;35.4918;35.495;35.495;LIVE;PHY;BC;VAI09054;kitima;PROFWD;CONF;;;CORP;CORP;
8830834;8696122;2906574;0;09/05/2016;09/05/2016;C_12461;USD/THB;S;USD;203231.6;35.4918;35.495;35.495;LIVE;PHY;BC;VAI09054;kitima;PROFWD;CONF;;;CORP;CORP;
8830844;8789262;3001907;0;09/05/2016;09/05/2016;C_3472;USD/THB;S;USD;6094.5;35.2589;35.295;35.295;LIVE;FRC;OW;VAI09054;uruchana;PROFWD;CONF;;;CORP;CORP;
8830873;8791548;3004237;0;09/05/2016;09/05/2016;C_3472;SGD/THB;S;SGD;212293.6;26.1518;26.18;26.18;LIVE;FRC;OW;VAI09054;uruchana;PROFWD;CONF;;;CORP;CORP;
8830905;8577791;2784669;0;09/05/2016;09/05/2016;C_5137;USD/THB;S;USD;119880;35.8329;35.8475;35.8475;LIVE;TBC;TR;VAI09054;yupa;PROFWD;CONF;;;CORP;CORP;
8830899;8791340;3004025;0;09/05/2016;09/05/2016;C_3472;USD/THB;S;USD;6405.8;35.2183;35.255;35.255;LIVE;FRC;OW;VAI09054;uruchana;PROFWD;CONF;;;CORP;CORP;
8830907;8577791;2784669;0;09/05/2016;09/05/2016;C_5137;USD/THB;S;USD;419.58;35.8329;35.8475;35.8475;LIVE;TBC;TR;VAI09054;yupa;PROFWD;CONF;;;CORP;CORP;
8830951;8672393;2882091;0;09/05/2016;09/05/2016;C_105;USD/THB;S;USD;17797.15;36.1875;36.19;36.19;LIVE;RSP;OW;SJE33610;ALICIA;ADJFWD;CONF;;;CORP;CORP;
8830958;8672390;2882088;0;09/05/2016;11/05/2016;C_105;USD/THB;S;USD;10620;36.188;36.19;36.19;LIVE;RSP;OW;SJE33610;ALICIA;ADJFWD;CONF;;;CORP;CORP;
8831517;8738554;2949964;0;09/05/2016;09/05/2016;C_592;USD/THB;S;USD;13710;35.49;35.55;35.55;LIVE;PHY;LC;SPK28268;Nawarat;ADJFWD;CONF;;;CORP;CORP;
8830962;8611785;2819639;0;09/05/2016;11/05/2016;C_105;USD/THB;S;USD;30420;36.258;36.26;36.26;LIVE;RSP;OW;SJE33610;ALICIA;ADJFWD;CONF;;;CORP;CORP;
8830964;8614792;2822750;0;09/05/2016;09/05/2016;C_105;USD/THB;S;USD;419366.81;36.329;36.33;36.33;LIVE;SMP;OW;SJE33610;ALICIA;ADJFWD;CONF;;;CORP;CORP;
8832298;8802652;3015648;0;09/05/2016;09/05/2016;C_5695;EUR/THB;S;EUR;125909.95;39.668;40.4;40.4;LIVE;FRC;OW;VAI09054;uruchana;PROFWD;CONF;;;CORP;CORP;
8832307;8821208;3034675;0;09/05/2016;09/05/2016;C_5695;EUR/THB;S;EUR;92382.05;39.7611;40.56;40.56;LIVE;FRC;OW;VAI09054;uruchana;PROFWD;CONF;;;CORP;CORP;
8832436;8798136;3011015;0;09/05/2016;09/05/2016;C_112;USD/THB;S;USD;20549;35.0137;35.1255;35.1255;LIVE;FRC;OW;VAI09054;kitima;PROFWD;CONF;;;CORP;CORP;
8832443;8798136;3011015;0;09/05/2016;09/05/2016;C_112;USD/THB;S;USD;9897.82;35.0137;35.1255;35.1255;LIVE;FRC;OW;VAI09054;kitima;PROFWD;CONF;;;CORP;CORP;
8832467;8824429;3037972;0;09/05/2016;09/05/2016;C_1483;USD/THB;S;USD;746531.35;34.88;35;35;LIVE;FRC;OW;VAI09054;YUPA;PROFWD;CONF;;;CORP;CORP;
8832274;8661051;2870323;0;09/05/2016;09/05/2016;C_7183;USD/THB;S;USD;179634;36.3766;36.3866;36.3866;LIVE;FRC;OW;NJK30319;tai;ADJFWD;CONF;;;CORP;CORP;
8832072;8699457;2910059;0;09/05/2016;09/05/2016;C_15278;USD/THB;S;USD;45750;35.464;35.6;35.6;LIVE;ASK;TR;CJT08153;supamas;PROFWD;CONF;;;CORP;CORP;
8832085;8699457;2910059;0;09/05/2016;09/05/2016;C_15278;USD/THB;S;USD;83.17;35.464;35.6;35.6;LIVE;ASK;TR;CJT08153;supamas;PROFWD;CONF;;;CORP;CORP;
8829886;8821429;3034896;0;09/05/2016;09/05/2016;C_1535;USD/THB;S;USD;10771.2;34.9838;35.12;35.12;LIVE;FRC;OW;CJT08153;somruedee;PROFWD;CONF;;;CORP;CORP;
8831755;8696130;2906583;0;09/05/2016;09/05/2016;C_13120;USD/THB;S;USD;30662.5;35.6933;35.7;35.7;LIVE;PHY;TR;CJT08153;nutlada;PROFWD;CONF;;;CORP;CORP;
8831766;8668930;2878522;0;09/05/2016;09/05/2016;C_1097;USD/THB;S;USD;63960;36.0905;36.16;36.16;LIVE;PHY;LC;CJT08153;niparat;PROFWD;CONF;;;CORP;CORP;
8831311;8571701;2778412;0;09/05/2016;09/05/2016;C_5074;USD/THB;S;USD;26105.24;35.9735;35.99;35.99;LIVE;PHY;TR;CJT08153;nutlada;PROFWD;CONF;;;CORP;CORP;
8831335;8571701;2778412;0;09/05/2016;09/05/2016;C_5074;USD/THB;S;USD;62200;35.9735;35.99;35.99;LIVE;PHY;TR;CJT08153;nutlada;PROFWD;CONF;;;CORP;CORP;
8831342;8571701;2778412;0;09/05/2016;09/05/2016;C_5074;USD/THB;S;USD;21630;35.9735;35.99;35.99;LIVE;PHY;TR;CJT08153;nutlada;PROFWD;CONF;;;CORP;CORP;
8831356;8571701;2778412;0;09/05/2016;09/05/2016;C_5074;USD/THB;S;USD;37864;35.9735;35.99;35.99;LIVE;PHY;TR;CJT08153;nutlada;PROFWD;CONF;;;CORP;CORP;
8831380;8571701;2778412;0;09/05/2016;09/05/2016;C_5074;USD/THB;S;USD;21978;35.9735;35.99;35.99;LIVE;PHY;TR;CJT08153;nutlada;PROFWD;CONF;;;CORP;CORP;
8831395;8571701;2778412;0;09/05/2016;09/05/2016;C_5074;USD/THB;S;USD;30149;35.9735;35.99;35.99;LIVE;PHY;TR;CJT08153;nutlada;PROFWD;CONF;;;CORP;CORP;
8831410;8571701;2778412;0;09/05/2016;09/05/2016;C_5074;USD/THB;S;USD;55506.76;35.9735;35.99;35.99;LIVE;PHY;TR;CJT08153;nutlada;PROFWD;CONF;;;CORP;CORP;
8831468;8613027;2820924;0;09/05/2016;09/05/2016;C_5074;USD/THB;S;USD;41037.24;36.353;36.4;36.4;LIVE;PHY;TR;CJT08153;nutlada;PROFWD;CONF;;;CORP;CORP;
8831484;8613027;2820924;0;09/05/2016;09/05/2016;C_5074;USD/THB;S;USD;13494;36.353;36.4;36.4;LIVE;PHY;TR;CJT08153;nutlada;PROFWD;CONF;;;CORP;CORP;
8831492;8613027;2820924;0;09/05/2016;09/05/2016;C_5074;USD/THB;S;USD;32106;36.353;36.4;36.4;LIVE;PHY;TR;CJT08153;nutlada;PROFWD;CONF;;;CORP;CORP;
8831495;8613027;2820924;0;09/05/2016;09/05/2016;C_5074;USD/THB;S;USD;3883.69;36.353;36.4;36.4;LIVE;PHY;TR;CJT08153;nutlada;PROFWD;CONF;;;CORP;CORP;
8831502;8613027;2820924;0;09/05/2016;09/05/2016;C_5074;USD/THB;S;USD;7361.86;36.353;36.4;36.4;LIVE;PHY;TR;CJT08153;nutlada;PROFWD;CONF;;;CORP;CORP;
8831538;8664047;2873404;0;09/05/2016;09/05/2016;C_1166;USD/THB;S;USD;18907.98;36.3247;36.38;36.38;LIVE;KSM;TR;CJT08153;niparat;PROFWD;CONF;;;CORP;CORP;
8831612;8571701;2778412;0;09/05/2016;09/05/2016;C_5074;USD/THB;S;USD;44567;35.9735;35.99;35.99;LIVE;PHY;TR;CJT08153;nutlada;PROFWD;CONF;;;CORP;CORP;
8830134;8679173;2889085;0;09/05/2016;09/05/2016;C_14714;USD/THB;S;USD;29123.93;35.8299;35.9;35.9;LIVE;SMK;TR;VAI09054;saaksorn;PROFWD;CONF;;;CORP;CORP;
8831062;8797791;3010668;0;09/05/2016;09/05/2016;C_7401;USD/THB;S;USD;21520.06;35.0753;35.17;35.17;LIVE;PHY;TR;VAI09054;nutlada;PROFWD;CONF;;;CORP;CORP;
8831067;8797791;3010668;0;09/05/2016;09/05/2016;C_7401;USD/THB;S;USD;147.63;35.0753;35.17;35.17;LIVE;PHY;TR;VAI09054;nutlada;PROFWD;CONF;;;CORP;CORP;
8831188;8757092;2969066;0;09/05/2016;09/05/2016;C_4235;USD/THB;S;USD;3240;35.05;35.22;35.22;LIVE;FRC;OW;VAI09054;nittaya;PROFWD;CONF;;;CORP;CORP;
8831199;8571669;2778380;0;09/05/2016;09/05/2016;C_6913;USD/THB;S;USD;50000;35.8468;35.86;35.86;LIVE;PHY;TR;VAI09054;nutlada;PROFWD;CONF;;;CORP;CORP;
8831207;8570648;2777330;0;09/05/2016;09/05/2016;C_6913;USD/THB;S;USD;50000;35.9477;35.96;35.96;LIVE;PHY;TR;VAI09054;nutlada;PROFWD;CONF;;;CORP;CORP;
8831215;8570654;2777336;0;09/05/2016;09/05/2016;C_6913;USD/THB;S;USD;19000;35.9677;35.98;35.98;LIVE;PHY;TR;VAI09054;nutlada;PROFWD;CONF;;;CORP;CORP;
8831268;8551062;2757131;0;09/05/2016;09/05/2016;C_5074;USD/THB;S;USD;64274;36.1564;36.16;36.16;LIVE;PHY;TR;VAI09054;nutlada;PROFWD;CONF;;;CORP;CORP;
8831298;8551062;2757131;0;09/05/2016;09/05/2016;C_5074;USD/THB;S;USD;39195;36.1564;36.16;36.16;LIVE;PHY;TR;VAI09054;nutlada;PROFWD;CONF;;;CORP;CORP;
8831306;8551062;2757131;0;09/05/2016;09/05/2016;C_5074;USD/THB;S;USD;28153;36.1564;36.16;36.16;LIVE;PHY;TR;VAI09054;nutlada;PROFWD;CONF;;;CORP;CORP;
8831318;8551062;2757131;0;09/05/2016;09/05/2016;C_5074;USD/THB;S;USD;10970.76;36.1564;36.16;36.16;LIVE;PHY;TR;VAI09054;nutlada;PROFWD;CONF;;;CORP;CORP;
8830182;8679173;2889085;0;09/05/2016;09/05/2016;C_14714;USD/THB;S;USD;47586.17;35.8299;35.9;35.9;LIVE;SMK;TR;CJT08153;saaksorn;PROFWD;CONF;;;CORP;CORP;
8830185;8734306;2945655;0;09/05/2016;09/05/2016;C_14714;USD/THB;S;USD;37377.87;35.4497;35.55;35.55;LIVE;SMK;TR;CJT08153;saaksorn;PROFWD;CONF;;;CORP;CORP;
8831800;8662725;2872036;0;09/05/2016;09/05/2016;C_1097;USD/THB;S;USD;35110;36.3923;36.46;36.46;LIVE;PHY;LC;VAI09054;niparat;PROFWD;CONF;;;CORP;CORP;
8830351;8572934;2779676;0;09/05/2016;09/05/2016;C_15285;USD/THB;S;USD;15454.24;36.0994;36.12;36.12;LIVE;FRC;OW;CJT08153;kinnaree;PROFWD;CONF;;;CORP;CORP;
8830356;8636316;2844796;0;09/05/2016;09/05/2016;C_15285;USD/THB;S;USD;4045.76;36.389;36.47;36.47;LIVE;CHN;OW;CJT08153;kinnaree;PROFWD;CONF;;;CORP;CORP;
8832578;8666767;2876231;0;09/05/2016;09/05/2016;C_13981;USD/THB;S;USD;51625;36.1957;36.26;36.26;LIVE;RSP;TR;CJT08153;yupa;PROFWD;CONF;;;CORP;CORP;
8832701;8797211;3010079;0;09/05/2016;09/05/2016;C_11402;USD/THB;S;USD;6204.23;35.126;35.35;35.35;LIVE;RSP;TR;CJT08153;yupa;PROFWD;CONF;;;CORP;CORP;
8832652;8666767;2876231;0;09/05/2016;09/05/2016;C_13981;USD/THB;S;USD;10560;36.1957;36.26;36.26;LIVE;RSP;TR;CJT08153;yupa;PROFWD;CONF;;;CORP;CORP;
8832668;8797264;3010135;0;09/05/2016;09/05/2016;C_13171;USD/THB;S;USD;16801.27;35.1175;35.26;35.26;LIVE;PKT;TR;CJT08153;thanvarat;PROFWD;CONF;;;CORP;CORP;
8831504;8650995;2860006;0;09/05/2016;09/05/2016;C_1166;USD/THB;S;USD;2933.28;36.3349;36.39;36.39;LIVE;KSM;TR;VAI09054;niparat;PROFWD;CONF;;;CORP;CORP;
8831509;8661759;2871056;0;09/05/2016;09/05/2016;C_1166;USD/THB;S;USD;100000;36.3464;36.4025;36.4025;LIVE;KSM;TR;VAI09054;niparat;PROFWD;CONF;;;CORP;CORP;
8831650;8717324;2928305;0;09/05/2016;09/05/2016;C_14557;EUR/THB;S;EUR;14687;39.6685;39.92;39.92;LIVE;PHY;BC;VAI09054;niparat;PROFWD;CONF;;;CORP;CORP;
8831665;8754791;2966702;0;09/05/2016;09/05/2016;C_14557;EUR/THB;S;EUR;53;39.4172;39.74;39.74;LIVE;PHY;BC;VAI09054;niparat;PROFWD;CONF;;;CORP;CORP;
8832677;8726062;2937217;0;09/05/2016;09/05/2016;C_11402;USD/THB;S;USD;17694.37;35.7896;35.95;35.95;LIVE;RSP;TR;VAI09054;yupa;PROFWD;CONF;;;CORP;CORP;
8831005;8740879;2952364;0;09/05/2016;09/05/2016;C_3433;USD/THB;S;USD;37844.61;35.351;35.46;35.46;LIVE;SIL;TR;CJT08153;rattana;PROFWD;CONF;;;CORP;CORP;
8831013;8743896;2955460;0;09/05/2016;09/05/2016;C_3433;USD/THB;S;USD;26155.39;35.2478;35.36;35.36;LIVE;SIL;TR;CJT08153;rattana;PROFWD;CONF;;;CORP;CORP;
8831029;8587687;2794868;0;09/05/2016;09/05/2016;C_1272;USD/THB;S;USD;36586.34;35.9968;36.02;36.02;LIVE;ASK;TR;CJT08153;pattarin;PROFWD;CONF;;;CORP;CORP;
8831044;8622192;2830384;0;09/05/2016;09/05/2016;C_1272;USD/THB;S;USD;10704.08;36.1782;36.22;36.22;LIVE;ASK;TR;CJT08153;pattarin;PROFWD;CONF;;;CORP;CORP;
8831057;8790560;3003232;0;09/05/2016;09/05/2016;C_6583;EUR/THB;S;EUR;13511.18;40.1275;40.46;40.46;LIVE;PHY;TR;CJT08153;niparat;PROFWD;CONF;;;CORP;CORP;
8831064;8790560;3003232;0;09/05/2016;09/05/2016;C_6583;EUR/THB;S;EUR;2433.82;40.1275;40.46;40.46;LIVE;PHY;TR;CJT08153;niparat;PROFWD;CONF;;;CORP;CORP;
8830560;8690832;2901143;0;09/05/2016;09/05/2016;C_1506;USD/THB;S;USD;1272.19;35.664;35.76;35.76;LIVE;ASK;TR;VAI09054;sarinlak;PROFWD;CONF;;;CORP;CORP;
8830572;8602143;2809686;0;09/05/2016;09/05/2016;C_100;USD/THB;S;USD;249239.6;36.1338;36.165;36.165;LIVE;SIL;TR;VAI09054;pattarin;PROFWD;CONF;;;CORP;CORP;
8829874;8714255;2925160;0;09/05/2016;09/05/2016;C_3321;USD/THB;S;USD;22740;35.821;35.91;35.91;LIVE;FRC;OW;CJT08153;chutima;PROFWD;CONF;;;CORP;CORP;
8831178;8678838;2888743;0;09/05/2016;09/05/2016;C_3512;USD/THB;S;USD;29750;35.9099;35.98;35.98;LIVE;SMK;TR;CJT08153;anintita;PROFWD;CONF;;;CORP;CORP;
8831186;8678838;2888743;0;09/05/2016;09/05/2016;C_3512;USD/THB;S;USD;17.7;35.9099;35.98;35.98;LIVE;SMK;TR;CJT08153;anintita;PROFWD;CONF;;;CORP;CORP;
8831190;8678838;2888743;0;09/05/2016;09/05/2016;C_3512;USD/THB;S;USD;29750;35.9099;35.98;35.98;LIVE;SMK;TR;CJT08153;anintita;PROFWD;CONF;;;CORP;CORP;
8831197;8678838;2888743;0;09/05/2016;09/05/2016;C_3512;USD/THB;S;USD;21.5;35.9099;35.98;35.98;LIVE;SMK;TR;CJT08153;anintita;PROFWD;CONF;;;CORP;CORP;
8831253;8678838;2888743;0;09/05/2016;09/05/2016;C_3512;USD/THB;S;USD;44200;35.9099;35.98;35.98;LIVE;SMK;TR;CJT08153;anintita;PROFWD;CONF;;;CORP;CORP;
8831265;8678838;2888743;0;09/05/2016;09/05/2016;C_3512;USD/THB;S;USD;9.39;35.9099;35.98;35.98;LIVE;SMK;TR;CJT08153;anintita;PROFWD;CONF;;;CORP;CORP;
8831273;8678838;2888743;0;09/05/2016;09/05/2016;C_3512;USD/THB;S;USD;44720;35.9099;35.98;35.98;LIVE;SMK;TR;CJT08153;anintita;PROFWD;CONF;;;CORP;CORP;
8831288;8678838;2888743;0;09/05/2016;09/05/2016;C_3512;USD/THB;S;USD;9.5;35.9099;35.98;35.98;LIVE;SMK;TR;CJT08153;anintita;PROFWD;CONF;;;CORP;CORP;
8831632;8699263;2909838;0;09/05/2016;11/05/2016;C_781;USD/THB;S;USD;565763.45;35.3477;35.425;35.425;LIVE;CHB;LC;PWM10139;pat;PROFWD;CONF;;;CORP;CORP;
8831671;8695298;2905737;0;09/05/2016;11/05/2016;C_781;USD/THB;S;USD;777935.31;35.5142;35.59;35.59;LIVE;CHB;LC;PWM10139;pattida;PROFWD;CONF;;;CORP;CORP;
8831753;8689738;2900017;0;09/05/2016;11/05/2016;C_3299;USD/THB;S;USD;320972.25;35.6766;35.75;35.75;LIVE;CHB;LC;PWM10139;khun pat;PROFWD;CONF;;;CORP;CORP;
8831663;8571526;2778231;0;09/05/2016;09/05/2016;C_721;USD/THB;S;USD;33848;35.936;35.95;35.95;LIVE;ASK;TR;CJT08153;rattana;PROFWD;CONF;;;CORP;CORP;
8831452;8643497;2852210;0;09/05/2016;09/05/2016;C_3471;USD/THB;S;USD;12600;36.4373;36.49;36.49;LIVE;PHY;TR;CJT08153;pattarin;PROFWD;CONF;;;CORP;CORP;
8831655;8743896;2955460;0;09/05/2016;09/05/2016;C_3433;USD/THB;S;USD;36160;35.2478;35.36;35.36;LIVE;SIL;LC;CJT08153;rattana;PROFWD;CONF;;;CORP;CORP;
8830106;8683271;2893360;0;09/05/2016;09/05/2016;C_13584;USD/THB;S;USD;41097.87;35.6738;35.74;35.74;LIVE;FRC;OW;VAI09054;katnoparat;PROFWD;CONF;;;CORP;CORP;
8830120;8689422;2899683;0;09/05/2016;09/05/2016;C_13584;USD/THB;S;USD;32799.05;35.67;35.74;35.74;LIVE;FRC;OW;VAI09054;katnoparat;PROFWD;CONF;;;CORP;CORP;
8831048;8792881;3005605;0;09/05/2016;09/05/2016;C_6583;USD/THB;S;USD;8502.83;35.0977;35.2;35.2;LIVE;PHY;TR;VAI09054;niparat;PROFWD;CONF;;;CORP;CORP;
8831054;8791989;3004684;0;09/05/2016;09/05/2016;C_6583;EUR/THB;S;EUR;3266.18;40.1275;40.46;40.46;LIVE;PHY;TR;VAI09054;niparat;PROFWD;CONF;;;CORP;CORP;
8829957;8670320;2879974;0;09/05/2016;09/05/2016;C_13584;USD/THB;S;USD;3120;35.9792;36.04;36.04;LIVE;FRC;OW;VAI09054;kainoparat;PROFWD;CONF;;;CORP;CORP;
8831209;8706088;2916836;0;09/05/2016;09/05/2016;C_15299;USD/THB;S;USD;79509.22;35.7712;35.86;35.86;LIVE;FRC;OW;VAI09054;katnoparat;PROFWD;CONF;;;CORP;CORP;
8831223;8678838;2888743;0;09/05/2016;09/05/2016;C_3512;USD/THB;S;USD;29750;35.9099;35.98;35.98;LIVE;SMK;TR;VAI09054;aninitita;PROFWD;CONF;;;CORP;CORP;
8831231;8678838;2888743;0;09/05/2016;09/05/2016;C_3512;USD/THB;S;USD;39.19;35.9099;35.98;35.98;LIVE;SMK;TR;VAI09054;aninitita;PROFWD;CONF;;;CORP;CORP;
8831251;8611124;2818940;0;09/05/2016;09/05/2016;C_15299;USD/THB;S;USD;490.78;36.2291;36.27;36.27;LIVE;FRC;OW;VAI09054;katnoparat;PROFWD;CONF;;;CORP;CORP;
8831263;8755451;2967381;0;09/05/2016;09/05/2016;C_3980;USD/THB;S;USD;33750;34.8873;34.99;34.99;LIVE;FRC;OW;VAI09054;wanna;PROFWD;CONF;;;CORP;CORP;
8831864;8592674;2799991;0;09/05/2016;09/05/2016;C_3342;USD/THB;S;USD;150000;36.0421;36.07;36.07;LIVE;TBC;TR;VAI09054;pattarin;PROFWD;CONF;;;CORP;CORP;
8831386;8577932;2784815;0;09/05/2016;09/05/2016;C_3471;USD/THB;S;USD;164000;35.9032;35.92;35.92;LIVE;PHY;TR;VAI09054;pattarin;PROFWD;CONF;;;CORP;CORP;
8830310;8681280;2891268;0;09/05/2016;09/05/2016;C_121;USD/THB;S;USD;502300;35.7738;35.84;35.84;LIVE;PHY;TR;VAI09054;pattarin;PROFWD;CONF;;;CORP;CORP;
8830318;8725146;2936277;0;09/05/2016;09/05/2016;C_4801;EUR/THB;S;EUR;1679.68;39.1663;39.45;39.45;LIVE;FRC;OW;VAI09054;wanna;PROFWD;CONF;;;CORP;CORP;
8831397;8643497;2852210;0;09/05/2016;09/05/2016;C_3471;USD/THB;S;USD;25800;36.4373;36.49;36.49;LIVE;PHY;TR;VAI09054;pattarin;PROFWD;CONF;;;CORP;CORP;
8831426;8637293;2845792;0;09/05/2016;09/05/2016;C_3471;EUR/THB;S;EUR;6250;39.4703;39.6;39.6;LIVE;PHY;TR;VAI09054;pattarin;PROFWD;CONF;;;CORP;CORP;
8830333;8725146;2936277;0;09/05/2016;09/05/2016;C_4801;EUR/THB;S;EUR;51370.32;39.1663;39.45;39.45;LIVE;FRC;OW;VAI09054;wanna;PROFWD;CONF;;;CORP;CORP;
8830336;8725146;2936277;0;09/05/2016;09/05/2016;C_4801;EUR/THB;S;EUR;46950;39.1663;39.45;39.45;LIVE;073;TR;VAI09054;wanna;PROFWD;CONF;;;CORP;CORP;
8831830;8593202;2800531;0;09/05/2016;09/05/2016;C_3342;USD/THB;S;USD;180245.56;36.0721;36.1;36.1;LIVE;TBC;TR;VAI09054;pattarin;PROFWD;CONF;;;CORP;CORP;
8831839;8590521;2797790;0;09/05/2016;09/05/2016;C_3342;USD/THB;S;USD;200000;36.0243;36.05;36.05;LIVE;TBC;TR;VAI09054;pattarin;PROFWD;CONF;;;CORP;CORP;
8831852;8602289;2809840;0;09/05/2016;09/05/2016;C_3342;USD/THB;S;USD;15444;36.1956;36.23;36.23;LIVE;TBC;TR;VAI09054;pattarin;PROFWD;CONF;;;CORP;CORP;
8832420;8769459;2981711;0;09/05/2016;09/05/2016;C_1629;USD/THB;S;USD;2740;35.3501;35.455;35.455;LIVE;FRC;OW;CJT08153;oraphin;PROFWD;CONF;;;CORP;CORP;
8832426;8781191;2993681;0;09/05/2016;09/05/2016;C_1629;USD/THB;S;USD;24566.73;35.1501;35.26;35.26;LIVE;FRC;OW;CJT08153;oraphin;PROFWD;CONF;;;CORP;CORP;
8832438;8679186;2889100;0;09/05/2016;09/05/2016;C_3417;USD/THB;S;USD;2226.24;35.7846;35.85;35.85;LIVE;KSM;TR;CJT08153;chutima;PROFWD;CONF;;;CORP;CORP;
8830330;8730004;2941249;0;09/05/2016;09/05/2016;C_13868;EUR/THB;S;EUR;1984.34;38.8475;38.92;38.92;LIVE;FRC;OW;CJT08153;chutima;PROFWD;CONF;;;CORP;CORP;
8830407;8781191;2993681;0;09/05/2016;09/05/2016;C_1629;USD/THB;S;USD;19950;35.1501;35.26;35.26;LIVE;SIL;BC;CJT08153;oraphin;PROFWD;CONF;;;CORP;CORP;
8832675;8742807;2954327;0;09/05/2016;09/05/2016;C_4894;USD/THB;S;USD;4800;35.3341;35.435;35.435;LIVE;FRC;OW;CJT08153;wanna;PROFWD;CONF;;;CORP;CORP;
8832679;8670706;2880380;0;09/05/2016;09/05/2016;C_11904;USD/THB;S;USD;38599.46;36.0405;36.11;36.11;LIVE;ASK;TR;CJT08153;oraphin;PROFWD;CONF;;;CORP;CORP;
8832691;8665416;2874834;0;09/05/2016;09/05/2016;C_668;USD/THB;S;USD;30520;36.2857;36.35;36.35;LIVE;SIL;TR;CJT08153;pattarin;PROFWD;CONF;;;CORP;CORP;
8830783;8605223;2812840;0;09/05/2016;09/05/2016;C_15299;EUR/THB;S;EUR;7533.75;40.0724;40.17;40.17;LIVE;TPR;TR;VAI09054;rattana;PROFWD;CONF;;;CORP;CORP;
8830799;8652200;2861229;0;09/05/2016;09/05/2016;C_15299;EUR/THB;S;EUR;1700;39.873;40.05;40.05;LIVE;TPR;TR;VAI09054;rattana;PROFWD;CONF;;;CORP;CORP;
8830802;8662790;2872103;0;09/05/2016;09/05/2016;C_15299;EUR/THB;S;EUR;21232;39.9596;40.15;40.15;LIVE;TPR;TR;VAI09054;rattana;PROFWD;CONF;;;CORP;CORP;
8830818;8611124;2818940;0;09/05/2016;09/05/2016;C_15299;USD/THB;S;USD;38000;36.2291;36.27;36.27;LIVE;TPR;TR;VAI09054;rattana;PROFWD;CONF;;;CORP;CORP;
8830832;8688606;2898829;0;09/05/2016;09/05/2016;C_15299;USD/THB;S;USD;9286;35.785;35.87;35.87;LIVE;SMP;TR;VAI09054;rattana;PROFWD;CONF;;;CORP;CORP;
8831695;8811863;3025058;0;09/05/2016;09/05/2016;C_5122;EUR/THB;S;EUR;1056.12;39.6275;40.02;40.02;LIVE;FRC;OW;VAI09054;rattana;PROFWD;CONF;;;CORP;CORP;
8832081;8811863;3025058;0;09/05/2016;09/05/2016;C_5122;EUR/THB;S;EUR;40060.8;39.6275;40.02;40.02;LIVE;ASK;TR;VAI09054;rattana;PROFWD;CONF;;;CORP;CORP;
8832089;8811863;3025058;0;09/05/2016;09/05/2016;C_5122;EUR/THB;S;EUR;4370.81;39.6275;40.02;40.02;LIVE;ASK;TR;VAI09054;rattana;PROFWD;CONF;;;CORP;CORP;
8832103;8818420;3031822;0;09/05/2016;09/05/2016;C_5122;EUR/THB;S;EUR;1298.88;39.814;40.23;40.23;LIVE;ASK;TR;VAI09054;rattana;PROFWD;CONF;;;CORP;CORP;
8832322;8725227;2936360;0;09/05/2016;09/05/2016;C_12107;EUR/THB;S;EUR;14776.8;39.0412;39.33;39.33;LIVE;ASK;BC;VAI09054;oraphin;PROFWD;CONF;;;CORP;CORP;
8832331;8725227;2936360;0;09/05/2016;09/05/2016;C_12107;EUR/THB;S;EUR;14097.6;39.0412;39.33;39.33;LIVE;ASK;BC;VAI09054;oraphin;PROFWD;CONF;;;CORP;CORP;
8832381;8683953;2894060;0;09/05/2016;09/05/2016;C_3216;USD/THB;S;USD;49720;35.8013;35.85;35.85;LIVE;SIL;TR;VAI09054;pattarin;PROFWD;CONF;;;CORP;CORP;
8832412;8767210;2979426;0;09/05/2016;09/05/2016;C_1629;USD/THB;S;USD;13568.27;35.3808;35.485;35.485;LIVE;FRC;OW;VAI09054;oraphin;PROFWD;CONF;;;CORP;CORP;
8832432;8679186;2889100;0;09/05/2016;09/05/2016;C_3417;USD/THB;S;USD;312455.2;35.7846;35.85;35.85;LIVE;KSM;TR;VAI09054;chutima;PROFWD;CONF;;;CORP;CORP;
8832478;8743896;2955460;0;09/05/2016;09/05/2016;C_3433;USD/THB;S;USD;66664.5;35.2478;35.36;35.36;LIVE;SIL;LC;VAI09054;rattana;PROFWD;CONF;;;CORP;CORP;
8832726;8633118;2841485;0;09/05/2016;09/05/2016;C_4866;USD/THB;S;USD;18139.04;36.1362;36.18;36.18;LIVE;SIL;BC;VAI09054;oraphin;PROFWD;CONF;;;CORP;CORP;
8832484;8745052;2956660;0;09/05/2016;09/05/2016;C_3433;USD/THB;S;USD;3279.89;35.1478;35.26;35.26;LIVE;SIL;LC;VAI09054;rattana;PROFWD;CONF;;;CORP;CORP;
8832480;8743896;2955460;0;09/05/2016;09/05/2016;C_3433;USD/THB;S;USD;21020.11;35.2478;35.36;35.36;LIVE;SIL;LC;VAI09054;rattana;PROFWD;CONF;;;CORP;CORP;
8832491;8745052;2956660;0;09/05/2016;09/05/2016;C_3433;USD/THB;S;USD;62815.36;35.1478;35.26;35.26;LIVE;SIL;LC;VAI09054;rattana;PROFWD;CONF;;;CORP;CORP;
8832738;8666608;2876057;0;09/05/2016;09/05/2016;C_13869;USD/THB;S;USD;353.55;36.1757;36.24;36.24;LIVE;FRC;OW;VAI09054;chutima;PROFWD;CONF;;;CORP;CORP;
8832195;8793966;3006711;0;09/05/2016;09/05/2016;C_5122;USD/THB;S;USD;60937.41;35.1164;35.22;35.22;LIVE;ASK;TR;VAI09054;rattana;PROFWD;CONF;;;CORP;CORP;
8832267;8678818;2888721;0;09/05/2016;09/05/2016;C_1446;JPY/THB;S;JPY;6935940;0.301259;0.3028;0.3028;LIVE;SMP;LC;VAI09054;aninitita;PROFWD;CONF;;;CORP;CORP;
8832279;8729027;2940251;0;09/05/2016;09/05/2016;C_3529;EUR/THB;S;EUR;15119.8;38.9254;39.68;39.68;LIVE;PHY;TR;VAI09054;chutima;PROFWD;CONF;;;CORP;CORP;
8832670;8740879;2952364;0;09/05/2016;09/05/2016;C_3433;USD/THB;S;USD;21000;35.351;35.46;35.46;LIVE;FRC;OW;VAI09054;rattana;PROFWD;CONF;;;CORP;CORP;
8832685;8800018;3012925;0;09/05/2016;09/05/2016;C_6949;USD/THB;S;USD;26609.34;35.0131;35.12;35.12;LIVE;FRC;OW;VAI09054;kitipob;PROFWD;CONF;;;CORP;CORP;
8832681;8803079;3016081;0;09/05/2016;09/05/2016;C_6949;USD/THB;S;USD;14244.16;34.9618;35.07;35.07;LIVE;FRC;OW;VAI09054;kitipob;PROFWD;CONF;;;CORP;CORP;
8832697;8749381;2961117;0;09/05/2016;09/05/2016;C_1098;USD/THB;S;USD;80852.25;35.129892;35.23;35.23;LIVE;FRC;OW;VAI09054;oraphin;PROFWD;CONF;;;CORP;CORP;
8832734;8659410;2868633;0;09/05/2016;09/05/2016;C_4178;USD/THB;S;USD;1871.75;36.3893;36.45;36.45;LIVE;SIL;TR;CJT08153;oraphin;PROFWD;CONF;;;CORP;CORP;
8832736;8659410;2868633;0;09/05/2016;09/05/2016;C_4178;USD/THB;S;USD;122522.23;36.3893;36.45;36.45;LIVE;SIL;TR;CJT08153;oraphin;PROFWD;CONF;;;CORP;CORP;
8832163;8743780;2955335;0;09/05/2016;09/05/2016;C_5122;USD/THB;S;USD;14724.31;35.2918;35.39;35.39;LIVE;ASK;TR;CJT08153;rattana;PROFWD;CONF;;;CORP;CORP;
8832193;8754037;2965919;0;09/05/2016;09/05/2016;C_12594;USD/THB;S;USD;95296.86;35.0377;35.14;35.14;LIVE;SMP;TR;CJT08153;chutima;PROFWD;CONF;;;CORP;CORP;
8832203;8643497;2852210;0;09/05/2016;09/05/2016;C_3471;USD/THB;S;USD;30240;36.4373;36.49;36.49;LIVE;PHY;TR;CJT08153;pattarin;PROFWD;CONF;;;CORP;CORP;
8832226;8643497;2852210;0;09/05/2016;09/05/2016;C_3471;USD/THB;S;USD;56050;36.4373;36.49;36.49;LIVE;PHY;TR;CJT08153;pattarin;PROFWD;CONF;;;CORP;CORP;
8832232;8643497;2852210;0;09/05/2016;09/05/2016;C_3471;USD/THB;S;USD;25000;36.4373;36.49;36.49;LIVE;PHY;TR;CJT08153;pattarin;PROFWD;CONF;;;CORP;CORP;
8832234;8754037;2965919;0;09/05/2016;09/05/2016;C_12594;USD/THB;S;USD;234.27;35.0377;35.14;35.14;LIVE;SMP;TR;CJT08153;chutima;PROFWD;CONF;;;CORP;CORP;
8832240;8754037;2965919;0;09/05/2016;09/05/2016;C_12594;USD/THB;S;USD;54149.56;35.0377;35.14;35.14;LIVE;SMP;TR;CJT08153;chutima;PROFWD;CONF;;;CORP;CORP;
8832245;8754037;2965919;0;09/05/2016;09/05/2016;C_12594;USD/THB;S;USD;463.99;35.0377;35.14;35.14;LIVE;SMP;TR;CJT08153;chutima;PROFWD;CONF;;;CORP;CORP;
